filename,label,ext,file_size_kb,width,height,mode,channels,correct_size,needs_conversion,pixel_mean,pixel_std,save_status
Image_157 copy 2.jpg,0,.jpg,60.58,640,640,RGB,3,False,False,126.8548,50.5068,success
Image_87 copy.jpg,0,.jpg,119.78,744,602,RGB,3,False,False,124.1542,71.6364,success
Image_191.png,0,.png,1694.58,1272,1016,RGBA,4,False,True,131.7834,61.4831,success
Image_174 copy.jpg,0,.jpg,38.24,602,452,RGB,3,False,False,46.8942,59.5161,success
Image_32 copy.jpg,0,.jpg,49.66,640,943,RGB,3,False,False,155.462,59.2158,success
Image_90.jpg,0,.jpg,15.19,320,480,RGB,3,False,False,191.6426,68.1593,success
Image_47.jpg,0,.jpg,68.47,750,869,RGB,3,False,False,201.9719,42.0443,success
Image_113 copy 2.jpg,0,.jpg,32.96,313,475,RGB,3,False,False,78.9474,51.9715,success
Image_104.jpg,0,.jpg,188.83,880,1010,RGB,3,False,False,160.3732,76.7458,success
Image_196 copy.jpg,0,.jpg,102.57,728,445,RGB,3,False,False,103.6136,78.0037,success
Image_106.png,0,.png,73.22,700,587,P,1,False,True,188.309,68.6361,success
Image_46.jpg,0,.jpg,688.49,1845,1927,RGB,3,False,False,162.0914,58.8929,success
Image_82 copy.jpg,0,.jpg,113.66,736,1111,RGB,3,False,False,125.7868,61.7424,success
Image_52 copy.jpg,0,.jpg,60.6,465,700,RGB,3,False,False,91.9999,63.3262,success
Image_97.jpg,0,.jpg,51.48,720,960,RGB,3,False,False,118.0756,65.354,success
Image_99.jpg,0,.jpg,29.48,500,332,RGB,3,False,False,139.9902,46.8765,success
Image_15.png,0,.png,1914.3,1282,1750,RGBA,4,False,True,113.8184,78.0821,success
Image_109.jpg,0,.jpg,97.88,640,641,RGB,3,False,False,124.1445,64.554,success
Image_183 copy.jpg,0,.jpg,218.7,602,352,RGB,3,False,False,73.6792,52.8702,success
Image_42.JPG,0,.jpg,85.77,216,320,RGB,3,False,False,176.0253,30.0829,success
Image_24 copy 2.jpg,0,.jpg,77.05,728,485,RGB,3,False,False,113.0757,44.4949,success
Image_21 copy.jpg,0,.jpg,732.95,2248,2998,RGB,3,False,False,94.3727,66.7022,success
Image_134.jpg,0,.jpg,78.87,720,960,RGB,3,False,False,140.1281,80.8237,success
Image_169.jpg,0,.jpg,140.7,728,485,RGB,3,False,False,108.1936,66.2114,success
Image_113.jpg,0,.jpg,20.57,400,400,RGB,3,False,False,214.7729,51.8451,success
Image_163 copy.jpg,0,.jpg,604.22,1600,1067,RGB,3,False,False,106.813,67.8581,success
Image_146 copy 2.jpg,0,.jpg,152.75,602,803,RGB,3,False,False,75.3008,69.3233,success
Image_121.jpg,0,.jpg,27.91,600,600,RGB,3,False,False,87.1099,69.0475,success
Image_93.jpg,0,.jpg,54.47,780,439,RGB,3,False,False,95.7623,59.6408,success
Image_29 copy 2.jpg,0,.jpg,565.98,1000,667,RGB,3,False,False,119.1796,66.5493,success
Image_114 copy.jpg,0,.jpg,206.79,1024,765,RGB,3,False,False,124.2365,69.2548,success
Image_192 copy.jpg,0,.jpg,28.24,800,600,RGB,3,False,False,147.5462,60.2385,success
Image_145 copy 2.jpg,0,.jpg,76.36,602,452,RGB,3,False,False,98.4283,51.8252,success
Image_37.png,0,.png,417.53,792,719,RGBA,4,False,True,212.2271,50.8286,success
Image_111 copy 2.jpg,0,.jpg,18.85,751,500,RGB,3,False,False,150.8712,14.7066,success
Image_187.jpg,0,.jpg,80.99,750,750,RGB,3,False,False,69.1487,77.2377,success
Image_13.jpg,0,.jpg,110.54,900,900,RGB,3,False,False,74.0656,60.6987,success
Image_51.jpg,0,.jpg,608.14,2048,1365,RGB,3,False,False,130.8706,66.0618,success
Image_157.jpg,0,.jpg,411.74,1707,2560,RGB,3,False,False,85.0639,52.9178,success
Image_50 copy.jpg,0,.jpg,85.57,1024,681,RGB,3,False,False,89.6875,64.4033,success
Image_25 copy.jpg,0,.jpg,50.29,460,613,RGB,3,False,False,156.5923,53.47,success
Image_48.jpg,0,.jpg,75.1,446,590,RGB,3,False,False,144.2405,50.2969,success
Image_86.jpg,0,.jpg,45.29,500,750,RGB,3,False,False,111.1475,59.9996,success
Image_129 copy.jpg,0,.jpg,844.4,3472,4640,RGB,3,False,False,81.027,60.9911,success
Image_67.jpg,0,.jpg,98.21,1200,627,RGB,3,False,False,166.3159,69.4293,success
Image_58.png,0,.png,620.36,790,682,RGBA,4,False,True,115.986,66.4043,success
Image_105.jpg,0,.jpg,93.38,720,862,RGB,3,False,False,88.8905,50.1418,success
Image_64.png,0,.png,205.36,600,316,RGBA,4,False,True,188.4513,63.8912,success
Image_50.jpg,0,.jpg,2232.34,1920,1280,RGB,3,False,False,133.2887,59.1408,success
Image_89 copy.jpg,0,.jpg,151.67,700,933,RGB,3,False,False,76.0109,69.437,success
Image_134 copy 2.jpg,0,.jpg,198.98,1200,1200,RGB,3,False,False,137.0638,60.8835,success
Image_135.png,0,.png,473.66,720,480,RGBA,4,False,True,167.1263,63.7172,success
Image_128 copy 2.jpg,0,.jpg,83.48,742,1023,RGB,3,False,False,161.9514,84.456,success
Image_17 copy 2.jpg,0,.jpg,3487.16,5085,3428,RGB,3,False,False,130.8587,58.4234,success
Image_19 copy.jpg,0,.jpg,71.66,1080,1080,RGB,3,False,False,127.4786,42.9372,success
Image_161.jpg,0,.jpg,46.26,929,400,RGB,3,False,False,220.0173,49.5755,success
Image_172.jpg,0,.jpg,117.28,758,758,RGB,3,False,False,170.4419,59.905,success
Image_11 copy 2.jpg,0,.jpg,26.29,480,320,RGB,3,False,False,133.5061,71.6433,success
Image_180.jpg,0,.jpg,109.29,970,566,RGB,3,False,False,170.3501,57.2389,success
Image_95 copy 2.jpg,0,.jpg,57.69,530,800,RGB,3,False,False,83.2244,47.6682,success
Image_84 copy.jpg,0,.jpg,39.07,600,600,RGB,3,False,False,164.394,62.1923,success
Image_85.jpg,0,.jpg,37.27,736,384,RGB,3,False,False,175.9348,53.3769,success
Image_9 copy.jpg,0,.jpg,174.38,1080,1350,RGB,3,False,False,148.2035,59.1184,success
Image_212.jpg,0,.jpg,111.23,720,720,RGB,3,False,False,95.3075,68.8013,success
Image_22.jpg,0,.jpg,58.5,1000,600,RGB,3,False,False,121.6349,60.5888,success
Image_108 copy 2.jpg,0,.jpg,250.58,600,399,RGB,3,False,False,114.4154,52.9826,success
Image_126 copy.jpg,0,.jpg,60.13,640,800,RGB,3,False,False,99.0701,42.3822,success
Image_190.jpg,0,.jpg,28.25,533,799,RGB,3,False,False,107.2947,52.1378,success
Image_3.jpg,0,.jpg,315.09,1249,1893,RGB,3,False,False,126.584,65.45,success
Image_78 copy.jpg,0,.jpg,59.39,700,934,RGB,3,False,False,165.7121,49.0386,success
Image_69 copy.jpg,0,.jpg,332.21,1240,2206,RGB,3,False,False,96.5478,55.4318,success
Image_45 copy.jpg,0,.jpg,23.43,564,564,RGB,3,False,False,134.1631,43.5767,success
Image_132 copy.jpg,0,.jpg,768.24,1280,1024,RGB,3,False,False,135.2773,61.5092,success
Image_132 copy 2.jpg,0,.jpg,14.54,342,342,RGB,3,False,False,234.3891,42.2153,success
Image_65 copy.jpg,0,.jpg,68.14,562,863,RGB,3,False,False,171.9202,50.7073,success
Image_18 copy 2.jpg,0,.jpg,587.86,1920,1440,RGB,3,False,False,107.6226,73.5077,success
Image_133 copy.jpg,0,.jpg,56.79,600,542,RGB,3,False,False,146.3983,64.6447,success
Image_101 copy.jpg,0,.jpg,8.16,187,293,RGB,3,False,False,188.809,78.6674,success
Image_143 copy.jpg,0,.jpg,56.66,1280,720,RGB,3,False,False,162.5007,46.7713,success
Image_60.JPG,0,.jpg,242.62,1200,630,RGB,3,False,False,101.5327,55.5384,success
Image_99 copy.jpg,0,.jpg,114.01,700,933,RGB,3,False,False,95.5078,64.8257,success
Image_102 copy 2.jpg,0,.jpg,41.16,850,577,RGB,3,False,False,156.3899,80.6773,success
Image_105 copy 2.jpg,0,.jpg,89.73,1024,576,RGB,3,False,False,176.9283,64.7661,success
Image_198.jpg,0,.jpg,104.0,1200,1200,RGB,3,False,False,192.2901,55.3378,success
Image_180 copy.jpg,0,.jpg,63.84,281,432,RGB,3,False,False,73.6538,40.1411,success
Image_170.jpg,0,.jpg,122.61,1080,1080,RGB,3,False,False,161.214,63.7421,success
Image_94 copy 2.jpg,0,.jpg,253.7,720,1080,RGB,3,False,False,89.6579,50.1083,success
Image_18.jpg,0,.jpg,1158.57,1209,1600,RGB,3,False,False,176.7665,53.471,success
Image_52.jpg,0,.jpg,43.77,640,640,RGB,3,False,False,77.2842,76.5311,success
Image_36.png,0,.png,56.13,640,640,RGBA,4,False,True,170.0204,32.4449,success
Image_87.jpg,0,.jpg,53.29,682,459,RGB,3,False,False,111.6401,64.4557,success
Image_154 copy 2.jpg,0,.jpg,95.41,602,473,RGB,3,False,False,110.322,73.3953,success
Image_67 copy.jpg,0,.jpg,273.97,1080,1920,RGB,3,False,False,163.9739,57.1524,success
Image_153.JPG,0,.jpg,1382.21,3264,2448,RGB,3,False,False,84.8375,58.8237,success
Image_115 copy 2.jpg,0,.jpg,35.03,570,427,RGB,3,False,False,166.2731,72.6544,success
Image_9.jpg,0,.jpg,895.39,3024,4032,RGB,3,False,False,160.7563,82.0798,success
Image_107 copy.jpg,0,.jpg,53.98,636,636,RGB,3,False,False,138.6231,54.0717,success
Image_7 copy.jpg,0,.jpg,880.27,3022,4030,RGB,3,False,False,143.9431,54.5919,success
Image_202.jpg,0,.jpg,94.33,1024,640,RGB,3,False,False,161.2547,44.6522,success
Image_14 copy.jpg,0,.jpg,70.48,1280,854,RGB,3,False,False,88.2753,73.7617,success
Image_55.png,0,.png,309.42,500,1349,P,1,False,True,170.3006,69.8649,success
Image_28 copy 2.jpg,0,.jpg,98.45,1243,651,RGB,3,False,False,183.0029,83.5028,success
Image_64.jpg,0,.jpg,162.24,758,758,RGB,3,False,False,148.7396,64.3922,success
Image_105 copy.jpg,0,.jpg,873.22,1958,2937,RGB,3,False,False,75.52,70.1093,success
Image_45.jpg,0,.jpg,43.0,640,1136,RGB,3,False,False,75.7057,94.5486,success
Image_185.jpg,0,.jpg,167.57,880,696,RGB,3,False,False,100.7197,56.0431,success
Image_102.jpg,0,.jpg,20.31,424,600,RGB,3,False,False,233.185,59.0487,success
Image_51 copy.jpg,0,.jpg,43.18,736,490,RGB,3,False,False,78.5602,57.9952,success
Image_213.jpg,0,.jpg,101.06,600,900,RGB,3,False,False,118.2704,61.4803,success
Image_206.jpg,0,.jpg,1517.88,3024,4032,RGB,3,False,False,157.751,55.0186,success
Image_155 copy 2.jpg,0,.jpg,82.34,640,640,RGB,3,False,False,66.2931,47.3431,success
Image_72 copy.jpg,0,.jpg,61.42,749,746,RGB,3,False,False,69.913,75.9944,success
Image_111.jpg,0,.jpg,46.72,1200,630,RGB,3,False,False,207.5013,29.2168,success
Image_74 copy.jpg,0,.jpg,49.25,499,534,RGB,3,False,False,107.3121,64.6003,success
Image_108.jpg,0,.jpg,51.17,468,700,RGB,3,False,False,73.7963,49.3097,success
Image_47 copy.jpg,0,.jpg,58.12,474,820,RGB,3,False,False,152.6032,76.1286,success
Image_42 copy.jpg,0,.jpg,438.04,2999,1999,RGB,3,False,False,133.3796,41.5665,success
Image_136.jpeg,0,.jpeg,24.39,640,426,RGB,3,False,False,151.3369,70.3651,success
Image_126 copy 2.jpg,0,.jpg,146.95,533,800,RGB,3,False,False,100.89,70.71,success
Image_22 copy.jpg,0,.jpg,117.89,894,894,RGB,3,False,False,132.5876,81.6803,success
Image_187 copy.jpg,0,.jpg,194.83,850,1142,RGB,3,False,False,125.0133,44.6421,success
Image_78 copy 2.jpg,0,.jpg,57.5,638,638,RGB,3,False,False,162.9722,77.2221,success
Image_112 copy.jpg,0,.jpg,305.65,1200,1600,RGB,3,False,False,123.0622,61.7059,success
Image_107.jpg,0,.jpg,58.83,1280,720,RGB,3,False,False,58.5092,66.5268,success
Image_103.jpg,0,.jpg,78.79,640,752,RGB,3,False,False,89.7708,61.6586,success
Image_87 copy 2.jpg,0,.jpg,16.73,373,300,RGB,3,False,False,230.9622,39.7582,success
Image_4 copy.jpg,0,.jpg,270.46,1080,1350,RGB,3,False,False,111.5165,47.9324,success
Image_26.jpg,0,.jpg,121.0,600,983,RGB,3,False,False,90.3513,63.9272,success
Image_134 copy.jpg,0,.jpg,288.29,2040,3040,RGB,3,False,False,67.408,68.214,success
Image_75.jpeg,0,.jpeg,67.34,689,349,RGB,3,False,False,91.015,46.895,success
Image_157 copy.jpg,0,.jpg,255.21,1280,1707,RGB,3,False,False,105.1901,59.5215,success
Image_74.jpg,0,.jpg,115.39,960,638,RGB,3,False,False,87.9754,46.9565,success
Image_67.png,0,.png,83.69,500,654,P,1,False,True,195.0406,67.0293,success
Image_155.jpg,0,.jpg,349.68,2400,2045,RGB,3,False,False,155.9448,66.5586,success
Image_139.jpg,0,.jpg,23.74,500,318,RGB,3,False,False,148.6497,65.6183,success
Image_100 copy.jpg,0,.jpg,136.69,1280,1707,RGB,3,False,False,85.3468,38.4857,success
Image_119 copy.jpg,0,.jpg,42.79,540,562,RGB,3,False,False,166.6545,52.9816,success
Image_6 copy 2.jpg,0,.jpg,104.95,602,452,RGB,3,False,False,136.2462,80.8671,success
Image_168.jpg,0,.jpg,91.81,500,658,RGB,3,False,False,106.6247,47.1648,success
Image_143 copy 2.jpg,0,.jpg,127.1,2160,776,RGB,3,False,False,46.4726,63.6427,success
Image_123 copy.jpg,0,.jpg,88.9,700,700,RGB,3,False,False,57.258,74.5034,success
Image_1 copy.jpg,0,.jpg,771.37,3024,4032,RGB,3,False,False,110.9211,75.5034,success
Image_138.jpg,0,.jpg,100.53,736,1093,RGB,3,False,False,118.7407,70.2404,success
Image_179.jpg,0,.jpg,75.06,800,800,RGB,3,False,False,170.2799,66.9885,success
Image_163.jpg,0,.jpg,37.24,615,290,RGB,3,False,False,181.668,48.3763,success
Image_104 copy 2.jpg,0,.jpg,205.64,800,1422,RGB,3,False,False,131.2447,67.5717,success
Image_154.jpg,0,.jpg,192.09,1280,1067,RGB,3,False,False,144.1535,74.1622,success
Image_74 copy 2.jpg,0,.jpg,25.83,1200,630,RGB,3,False,False,232.4712,52.2565,success
Image_141 copy.jpg,0,.jpg,125.57,1300,957,RGB,3,False,False,183.5774,55.0957,success
Image_16.jpg,0,.jpg,239.74,1332,1000,RGB,3,False,False,106.4486,56.1286,success
Image_38.png,0,.png,184.68,500,566,P,1,False,True,140.265,65.5903,success
Image_177.jpg,0,.jpg,132.28,758,758,RGB,3,False,False,167.0339,51.7,success
Image_90 copy.jpg,0,.jpg,53.53,800,543,RGB,3,False,False,190.2343,53.9328,success
Image_88 copy 2.jpg,0,.jpg,81.73,1000,1000,RGB,3,False,False,175.3725,72.884,success
Image_80.png,0,.png,214.61,547,273,RGB,3,False,False,76.6755,53.0881,success
Image_141.jpg,0,.jpg,112.65,1000,750,RGB,3,False,False,117.6656,69.9594,success
Image_73 copy.jpg,0,.jpg,29.33,580,533,RGB,3,False,False,189.566,54.5037,success
Image_182.jpg,0,.jpg,137.85,1080,1080,RGB,3,False,False,135.6954,77.8587,success
Image_88.jpg,0,.jpg,636.82,1200,799,RGB,3,False,False,129.8875,53.4959,success
Image_156 copy.jpg,0,.jpg,858.95,4493,2996,RGB,3,False,False,133.8138,43.2228,success
Image_65 copy 2.jpg,0,.jpg,61.05,480,640,RGB,3,False,False,145.3531,58.8244,success
Image_113 copy.jpg,0,.jpg,196.57,1280,1707,RGB,3,False,False,57.1879,46.376,success
Image_64 copy.jpg,0,.jpg,110.15,700,700,RGB,3,False,False,131.9626,72.8841,success
Image_72 copy 2.jpg,0,.jpg,101.01,676,1000,RGB,3,False,False,162.1294,44.544,success
Image_54 copy 2.jpg,0,.jpg,68.78,728,456,RGB,3,False,False,116.9449,67.7457,success
Image_44.jpg,0,.jpg,128.68,960,642,RGB,3,False,False,66.5829,68.2214,success
Image_32.jpg,0,.jpg,187.85,1333,2000,RGB,3,False,False,139.5309,55.9252,success
Image_31.jpg,0,.jpg,52.65,640,480,RGB,3,False,False,141.945,62.6651,success
Image_22 copy 2.jpg,0,.jpg,65.94,638,638,RGB,3,False,False,163.1051,79.8493,success
Image_16 copy.jpg,0,.jpg,993.96,2448,3264,RGB,3,False,False,150.3754,46.2468,success
Image_193.jpg,0,.jpg,168.69,1200,813,RGB,3,False,False,88.2013,57.1939,success
Image_84 copy 2.jpg,0,.jpg,63.54,1000,1000,RGB,3,False,False,192.2858,74.9582,success
Image_200.jpg,0,.jpg,65.03,640,480,RGB,3,False,False,149.5969,55.7842,success
Image_137 copy 2.jpg,0,.jpg,28.27,500,500,RGB,3,False,False,110.1014,43.4201,success
Image_39 copy.jpg,0,.jpg,276.85,1150,2046,RGB,3,False,False,120.8618,82.51,success
Image_57 copy 2.jpg,0,.jpg,17.78,480,270,RGB,3,False,False,86.2091,51.9197,success
Image_139 copy 2.jpg,0,.jpg,78.17,736,736,RGB,3,False,False,165.2652,99.2571,success
Image_53.jpg,0,.jpg,61.2,612,612,RGB,3,False,False,135.832,72.5443,success
Image_172 copy.jpg,0,.jpg,134.11,650,975,RGB,3,False,False,136.603,57.87,success
Image_26 copy 2.jpg,0,.jpg,101.92,640,640,RGB,3,False,False,84.1117,62.6455,success
Image_109 copy.jpg,0,.jpg,63.1,730,493,RGB,3,False,False,141.17,40.294,success
Image_81 copy.jpg,0,.jpg,59.07,720,720,RGB,3,False,False,195.0144,45.0481,success
Image_151 copy 2.jpg,0,.jpg,14.07,600,320,RGB,3,False,False,63.8988,71.5536,success
Image_121 copy.jpg,0,.jpg,44.07,480,720,RGB,3,False,False,106.7044,57.1751,success
Image_31 copy.jpg,0,.jpg,58.5,736,609,RGB,3,False,False,115.7377,51.0858,success
Image_28 copy.jpg,0,.jpg,174.12,1280,1779,RGB,3,False,False,138.8758,69.2822,success
Image_110.jpg,0,.jpg,32.47,1300,867,RGB,3,False,False,157.8316,41.0073,success
Image_72.jpg,0,.jpg,76.15,750,749,RGB,3,False,False,157.6188,70.5981,success
Image_44 copy.jpg,0,.jpg,75.12,600,600,RGB,3,False,False,118.3483,63.7802,success
Image_92.jpg,0,.jpg,52.82,720,481,RGB,3,False,False,118.2887,46.882,success
Image_118 copy.jpg,0,.jpg,2827.25,3892,2589,RGB,3,False,False,151.8377,63.1309,success
Image_57 copy.jpg,0,.jpg,49.45,449,600,RGB,3,False,False,95.155,55.2832,success
Image_54 copy.jpg,0,.jpg,55.76,640,640,RGB,3,False,False,171.2309,67.4358,success
Image_23 copy.jpg,0,.jpg,104.52,667,1000,RGB,3,False,False,121.1409,63.9611,success
Image_96 copy.jpg,0,.jpg,107.27,675,1200,RGB,3,False,False,120.3277,62.1847,success
Image_32 copy 2.jpg,0,.jpg,285.47,940,940,RGB,3,False,False,201.4513,74.8131,success
Image_102 copy.jpg,0,.jpg,62.24,600,900,RGB,3,False,False,192.7503,47.94,success
Image_127.jpg,0,.jpg,205.45,1552,873,RGB,3,False,False,137.0494,53.276,success
Image_108 copy.jpg,0,.jpg,106.55,768,1024,RGB,3,False,False,76.3137,66.9421,success
Image_57.jpg,0,.jpg,32.82,640,480,RGB,3,False,False,189.7517,60.4768,success
Image_75 copy.jpg,0,.jpg,22.7,420,420,RGB,3,False,False,197.6844,57.3902,success
Image_146 copy.jpg,0,.jpg,162.67,1024,882,RGB,3,False,False,144.8582,90.8773,success
Image_116 copy 2.jpg,0,.jpg,63.48,1200,630,RGB,3,False,False,233.7352,55.6682,success
Image_81.jpg,0,.jpg,137.22,2121,1414,RGB,3,False,False,181.9135,86.8204,success
Image_6 copy.jpg,0,.jpg,105.2,960,960,RGB,3,False,False,184.7218,30.836,success
Image_120 copy.jpg,0,.jpg,126.5,605,867,RGB,3,False,False,126.7209,55.3267,success
Image_83 copy 2.jpg,0,.jpg,259.45,1600,1600,RGB,3,False,False,173.5804,43.6601,success
Image_63 copy.jpg,0,.jpg,118.53,564,911,RGB,3,False,False,112.985,58.5869,success
Image_144.jpg,0,.jpg,141.83,758,758,RGB,3,False,False,184.9486,51.7238,success
Image_130 copy.jpg,0,.jpg,636.99,2446,3262,RGB,3,False,False,85.6386,68.2316,success
Image_219.jpg,0,.jpg,34.81,730,485,RGB,3,False,False,72.8921,46.9621,success
Image_44 copy 2.jpg,0,.jpg,106.93,440,1546,RGB,3,False,False,186.1184,49.6589,success
Image_85 copy.jpg,0,.jpg,174.29,1600,1600,RGB,3,False,False,220.7819,54.1859,success
Image_137 copy.jpg,0,.jpg,45.41,800,533,RGB,3,False,False,193.8084,46.8027,success
Image_73 copy 2.jpg,0,.jpg,7.41,300,225,RGB,3,False,False,111.3345,79.4282,success
Image_138 copy.jpg,0,.jpg,161.09,1024,768,RGB,3,False,False,155.2545,59.586,success
Image_18 copy.jpg,0,.jpg,111.43,1112,1280,RGB,3,False,False,102.586,74.1617,success
Image_38.jpg,0,.jpg,114.3,1280,1707,RGB,3,False,False,122.7013,54.9754,success
Image_112.jpg,0,.jpg,101.4,540,487,RGB,3,False,False,65.9329,39.6668,success
Image_104 copy.jpg,0,.jpg,84.23,630,900,RGB,3,False,False,114.6049,59.9426,success
Image_122.jpg,0,.jpg,699.95,2176,3264,RGB,3,False,False,152.8254,77.1197,success
Image_129.jpg,0,.jpg,83.32,530,533,RGB,3,False,False,153.4451,37.2624,success
Image_130 copy 2.jpg,0,.jpg,128.98,1200,630,RGB,3,False,False,73.5356,62.9042,success
Image_138 copy 2.jpg,0,.jpg,69.59,400,399,RGB,3,False,False,111.7306,80.6111,success
Image_121 copy 2.jpg,0,.jpg,49.24,560,664,RGB,3,False,False,180.6881,69.239,success
Image_34 copy.jpg,0,.jpg,102.29,564,1002,RGB,3,False,False,104.6577,48.2196,success
Image_71.jpg,0,.jpg,525.98,2048,2048,RGB,3,False,False,103.9042,54.9219,success
Image_69 copy 2.jpg,0,.jpg,59.44,409,500,RGB,3,False,False,170.6386,63.1628,success
Image_131.png,0,.png,1.31,54,65,RGB,3,False,False,151.8575,70.3494,success
Image_37.jpg,0,.jpg,52.38,554,671,RGB,3,False,False,106.6036,54.3058,success
Image_127.jpeg,0,.jpeg,282.12,1036,1500,RGB,3,False,False,150.5647,102.9765,success
Image_40.png,0,.png,732.39,720,720,RGBA,4,False,True,129.2732,52.343,success
Image_124 copy 2.jpg,0,.jpg,13.27,400,400,RGB,3,False,False,151.0248,99.002,success
Image_46 copy 2.jpg,0,.jpg,138.73,1200,686,RGB,3,False,False,95.6586,66.5754,success
Image_117.jpg,0,.jpg,73.16,563,648,RGB,3,False,False,105.5787,92.534,success
Image_68 copy 2.jpg,0,.jpg,35.65,500,375,RGB,3,False,False,98.6939,73.7202,success
Image_140 copy.jpg,0,.jpg,56.39,571,575,RGB,3,False,False,140.9515,65.4913,success
Image_47 copy 2.jpg,0,.jpg,144.16,600,808,RGB,3,False,False,171.5809,89.4642,success
Image_97 copy.jpg,0,.jpg,58.13,564,845,RGB,3,False,False,136.2759,44.2519,success
Image_88 copy.jpg,0,.jpg,52.88,675,900,RGB,3,False,False,108.5144,53.8122,success
Image_50 copy 2.jpg,0,.jpg,114.69,503,1024,RGB,3,False,False,70.6619,56.5091,success
Image_205.jpg,0,.jpg,69.36,640,480,RGB,3,False,False,111.7652,44.9596,success
Image_5.jpg,0,.jpg,70.78,1024,640,RGB,3,False,False,186.2818,58.2785,success
Image_66 copy 2.jpg,0,.jpg,19.85,333,500,RGB,3,False,False,152.3536,110.3218,success
Image_30 copy.jpg,0,.jpg,119.01,960,960,RGB,3,False,False,96.0427,60.384,success
Image_123.jpg,0,.jpg,48.16,640,480,RGB,3,False,False,144.1295,73.0771,success
Image_80.jpg,0,.jpg,38.33,900,955,RGB,3,False,False,14.6949,34.1068,success
Image_149 copy.jpg,0,.jpg,57.21,950,703,RGB,3,False,False,127.1237,62.4132,success
Image_154 copy.jpg,0,.jpg,210.9,1280,1707,RGB,3,False,False,102.1777,72.4212,success
Image_115.jpg,0,.jpg,67.6,600,900,RGB,3,False,False,118.7122,61.1147,success
Image_27 copy 2.jpg,0,.jpg,87.86,728,485,RGB,3,False,False,110.7118,59.0333,success
Image_26 copy.jpg,0,.jpg,94.85,750,892,RGB,3,False,False,125.5574,61.681,success
Image_145 copy.jpg,0,.jpg,47.31,683,900,RGB,3,False,False,208.1436,42.5899,success
Image_48 copy.jpg,0,.jpg,44.76,728,485,RGB,3,False,False,83.1862,67.0412,success
Image_140 copy 2.jpg,0,.jpg,27.35,400,400,RGB,3,False,False,138.2735,71.0173,success
Image_107 copy 2.jpg,0,.jpg,10.77,480,360,RGB,3,False,False,71.2622,101.0408,success
Image_125.jpg,0,.jpg,60.66,736,483,RGB,3,False,False,84.0439,64.2462,success
Image_124.jpg,0,.jpg,491.04,500,281,P,1,False,True,129.7127,66.3227,success
Image_126.jpg,0,.jpg,63.98,600,400,RGB,3,False,False,146.3336,48.0007,success
Image_35 copy 2.jpg,0,.jpg,70.69,768,768,RGB,3,False,False,191.7884,69.8042,success
Image_125 copy.jpg,0,.jpg,559.5,2048,1536,RGB,3,False,False,126.4782,51.3119,success
Image_68 copy.jpg,0,.jpg,33.8,500,688,RGB,3,False,False,155.7749,68.8312,success
Image_62 copy 2.jpg,0,.jpg,65.07,564,846,RGB,3,False,False,59.9328,62.3154,success
Image_178.jpg,0,.jpg,72.64,1080,1145,RGB,3,False,False,180.1109,44.0479,success
Image_122 copy.jpg,0,.jpg,272.07,800,800,RGB,3,False,False,149.0723,64.2273,success
Image_115 copy.jpg,0,.jpg,100.4,638,638,RGB,3,False,False,129.7052,62.9655,success
Image_55.jpg,0,.jpg,81.44,645,420,RGB,3,False,False,129.5238,54.5339,success
Image_52 copy 2.jpg,0,.jpg,27.52,425,425,RGB,3,False,False,128.8781,48.3586,success
Image_41 copy.jpg,0,.jpg,363.58,1111,1198,RGB,3,False,False,108.8081,59.2849,success
Image_98.jpg,0,.jpg,73.52,1125,750,RGB,3,False,False,83.6753,61.3414,success
Image_109 copy 2.jpg,0,.jpg,155.17,1500,1000,RGB,3,False,False,170.7483,75.2165,success
Image_70.jpg,0,.jpg,409.94,3000,1970,RGB,3,False,False,111.579,57.519,success
Image_135 copy.png,0,.png,106.31,649,400,P,1,False,True,108.9479,90.118,success
Image_81.png,0,.png,1231.37,700,1071,RGBA,4,False,True,129.157,65.9444,success
Image_2 copy 2.jpg,0,.jpg,48.01,608,405,RGB,3,False,False,92.5181,41.1387,success
Image_119.jpg,0,.jpg,99.01,750,1000,RGB,3,False,False,114.5342,71.7895,success
Image_75.jpg,0,.jpg,102.48,960,960,RGB,3,False,False,128.2326,39.5241,success
Image_214.jpg,0,.jpg,229.47,1200,630,RGB,3,False,False,144.0165,50.6458,success
Image_79.jpg,0,.jpg,494.43,1920,1920,RGB,3,False,False,147.0836,81.9572,success
Image_77 copy 2.jpg,0,.jpg,45.27,700,525,RGB,3,False,False,125.8995,68.2161,success
Image_91 copy.jpg,0,.jpg,84.83,550,550,RGB,3,False,False,81.7754,77.1842,success
Image_142 copy.jpg,0,.jpg,256.13,898,1198,RGB,3,False,False,68.9948,51.1788,success
Image_33 copy 2.jpg,0,.jpg,57.33,570,514,RGB,3,False,False,154.6116,90.9169,success
Image_1 copy 2.jpg,0,.jpg,45.88,1280,720,RGB,3,False,False,106.68,45.7469,success
Image_80 copy.jpg,0,.jpg,50.5,603,600,RGB,3,False,False,133.8422,73.8723,success
Image_38 copy.jpg,0,.jpg,71.41,736,884,RGB,3,False,False,142.4666,77.9269,success
Image_58 copy.jpg,0,.jpg,28.66,266,400,RGB,3,False,False,151.7131,70.8673,success
Image_60 copy.jpg,0,.jpg,40.09,474,546,RGB,3,False,False,170.5115,63.6939,success
Image_76 copy.jpg,0,.jpg,169.43,700,933,RGB,3,False,False,102.5546,58.8096,success
Image_79 copy.jpg,0,.jpg,35.79,1280,720,RGB,3,False,False,148.149,56.0249,success
Image_139 copy.jpg,0,.jpg,271.85,1078,1918,RGB,3,False,False,91.6288,77.6068,success
Image_144 copy.jpg,0,.jpg,87.74,1300,957,RGB,3,False,False,208.3289,38.5747,success
Image_76.png,0,.png,477.29,640,1136,RGB,3,False,False,47.1729,69.6263,success
Image_46 copy.jpg,0,.jpg,30.16,500,500,RGB,3,False,False,142.948,75.529,success
Image_66 copy.jpg,0,.jpg,90.91,499,749,RGB,3,False,False,124.022,69.4276,success
Image_93 copy.jpg,0,.jpg,76.74,1200,630,RGB,3,False,False,102.6952,63.1826,success
Image_53 copy 2.jpg,0,.jpg,199.73,1080,1317,RGB,3,False,False,142.9311,61.8956,success
Image_66.jpg,0,.jpg,77.63,622,688,RGB,3,False,False,96.7442,91.1227,success
Image_36 copy.jpg,0,.jpg,45.4,700,525,RGB,3,False,False,131.7315,41.4329,success
Image_167 copy.jpg,0,.jpg,37.79,1000,667,RGB,3,False,False,103.5877,57.3995,success
Image_116 copy.jpg,0,.jpg,239.0,1598,1198,RGB,3,False,False,83.4139,74.6654,success
Image_114.jpg,0,.jpg,25.64,640,480,RGB,3,False,False,227.4572,52.7447,success
Image_97.png,0,.png,264.48,389,457,RGBA,4,False,True,91.1087,44.7052,success
Image_136.png,0,.png,380.52,700,525,RGB,3,False,False,163.7241,35.5369,success
Image_83.jpg,0,.jpg,136.11,590,687,RGB,3,False,False,77.0798,69.5836,success
Image_100.jpg,0,.jpg,534.24,1600,1289,RGB,3,False,False,156.2857,54.3211,success
Image_62.jpg,0,.jpg,43.75,640,640,RGB,3,False,False,36.6173,70.0261,success
Image_24 copy.jpg,0,.jpg,169.44,800,1203,RGB,3,False,False,102.4645,51.8972,success
Image_209.jpg,0,.jpg,100.37,960,960,RGB,3,False,False,125.2964,75.3751,success
Image_147 copy.jpg,0,.jpg,120.1,1600,955,RGB,3,False,False,112.0099,45.4051,success
Image_92 copy.jpg,0,.jpg,220.8,1022,766,RGB,3,False,False,66.9408,52.0862,success
Image_82.jpg,0,.jpg,37.01,466,533,RGB,3,False,False,113.9919,33.1277,success
Image_103.png,0,.png,1125.2,1200,627,RGB,3,False,False,166.4498,52.0815,success
Image_17 copy.jpg,0,.jpg,291.86,1583,2375,RGB,3,False,False,149.7106,62.8222,success
Image_91.jpeg,0,.jpeg,184.67,1024,768,RGB,3,False,False,141.0997,59.4465,success
Image_3 copy.jpg,0,.jpg,266.19,1080,1920,RGB,3,False,False,101.2433,65.3922,success
Image_59.jpg,0,.jpg,1466.16,1600,1067,RGB,3,False,False,127.6589,58.5789,success
Image_30.jpg,0,.jpg,130.18,1080,1080,RGB,3,False,False,161.2401,63.7305,success
Image_125 copy 2.jpg,0,.jpg,93.56,800,1066,RGB,3,False,False,105.0439,57.6571,success
Image_54.jpg,0,.jpg,34.38,639,480,RGB,3,False,False,219.6519,53.1256,success
Image_94 copy.jpg,0,.jpg,324.34,1631,1223,RGB,3,False,False,64.9806,32.7229,success
Image_61 copy.jpg,0,.jpg,91.44,750,500,RGB,3,False,False,101.693,69.1153,success
Image_2 copy.jpg,0,.jpg,912.82,4640,3480,RGB,3,False,False,76.7509,64.3462,success
Image_137.jpg,0,.jpg,73.67,500,313,RGB,3,False,False,126.9551,81.9768,success
Image_5 copy.jpg,0,.jpg,126.16,736,981,RGB,3,False,False,106.2376,62.3858,success
Image_59 copy.jpg,0,.jpg,128.58,796,1280,RGB,3,False,False,89.9909,64.9362,success
Image_131.jpg,0,.jpg,104.77,528,704,RGB,3,False,False,128.4216,53.2418,success
Image_133 copy 2.jpg,0,.jpg,84.26,674,800,RGB,3,False,False,131.5078,84.544,success
Image_77 copy.jpg,0,.jpg,30.23,600,600,RGB,3,False,False,181.5531,32.881,success
Image_63 copy 2.jpg,0,.jpg,66.11,450,600,RGB,3,False,False,106.1979,61.401,success
Image_98 copy.jpg,0,.jpg,171.16,736,1308,RGB,3,False,False,229.8403,58.7117,success
Image_96 copy 2.jpg,0,.jpg,16.21,474,237,RGB,3,False,False,214.4529,69.7618,success
Image_119 copy 2.jpg,0,.jpg,244.8,715,1135,RGB,3,False,False,141.8697,72.3725,success
Image_59 copy 2.jpg,0,.jpg,12.18,200,300,RGB,3,False,False,181.7797,49.9651,success
Image_83 copy.jpg,0,.jpg,48.87,600,450,RGB,3,False,False,93.7411,70.762,success
Image_90 copy 2.jpg,0,.jpg,291.75,1600,1600,RGB,3,False,False,179.461,71.1861,success
Image_56 copy.jpg,0,.jpg,33.81,600,600,RGB,3,False,False,90.5581,51.9786,success
Image_77.jpg,0,.jpg,59.99,867,693,RGB,3,False,False,53.9888,49.5289,success
Image_43 copy.jpg,0,.jpg,67.82,639,480,RGB,3,False,False,161.7282,58.7785,success
Image_35.jpg,0,.jpg,28.89,720,405,RGB,3,False,False,153.9769,68.2492,success
Image_111 copy.jpg,0,.jpg,51.63,600,600,RGB,3,False,False,142.2272,77.7547,success
Image_130.jpg,0,.jpg,102.29,736,1104,RGB,3,False,False,125.0536,75.7523,success
Image_148 copy.jpg,0,.jpg,487.32,1295,863,RGB,3,False,False,102.5346,54.7099,success
Image_41 copy 2.jpg,0,.jpg,174.26,1500,1000,RGB,3,False,False,163.927,64.2499,success
Image_63.jpg,0,.jpg,2086.95,3024,4032,RGB,3,False,False,126.9824,64.5482,success
Image_56.jpg,0,.jpg,76.0,960,641,RGB,3,False,False,103.9931,70.4689,success
Image_10 copy.jpg,0,.jpg,179.12,1280,1716,RGB,3,False,False,73.1319,49.8476,success
Image_82 copy 2.jpg,0,.jpg,55.72,1280,720,RGB,3,False,False,123.845,67.9349,success
Image_8 copy.jpg,0,.jpg,258.96,1280,1552,RGB,3,False,False,150.4704,61.9536,success
Image_15 copy.jpg,0,.jpg,63.47,500,726,RGB,3,False,False,140.4888,51.0275,success
Image_70 copy.jpg,0,.jpg,18.25,500,333,RGB,3,False,False,200.1265,35.9783,success
Image_120.jpg,0,.jpg,247.17,964,756,RGB,3,False,False,114.7383,57.1654,success
Image_60.jpg,0,.jpg,207.88,675,600,RGB,3,False,False,127.2574,37.0151,success
Image_39 copy 2.jpg,0,.jpg,298.29,1500,1000,RGB,3,False,False,113.7437,77.4111,success
Image_62 copy.jpg,0,.jpg,132.1,1024,683,RGB,3,False,False,143.4873,84.5901,success
Image_78.jpg,0,.jpg,114.19,960,640,RGB,3,False,False,66.2655,48.945,success
Image_71.png,0,.png,159.33,500,610,P,1,False,True,123.3484,78.0343,success
Image_76.jpg,0,.jpg,67.31,404,718,RGB,3,False,False,114.9688,47.0285,success
Image_128.jpg,0,.jpg,87.69,829,423,RGB,3,False,False,182.7076,47.2662,success
Image_133.jpg,0,.jpg,45.39,424,549,RGB,3,False,False,151.4094,87.2838,success
Image_114 copy 2.jpg,0,.jpg,27.47,400,400,RGB,3,False,False,135.7809,70.0084,success
Image_11 copy.jpg,0,.jpg,279.13,1200,1600,RGB,3,False,False,108.5176,55.4936,success
Image_101.jpg,0,.jpg,92.09,599,802,RGB,3,False,False,102.5213,60.7111,success
Image_96.jpg,0,.jpg,965.81,2820,4500,RGB,3,False,False,135.9518,72.9514,success
Image_12 copy.jpg,0,.jpg,1240.94,3024,4032,RGB,3,False,False,114.1913,66.4537,success
Image_117 copy.jpg,0,.jpg,386.62,1223,1631,RGB,3,False,False,97.193,61.8988,success
Image_110.png,0,.png,594.22,730,411,RGB,3,False,False,109.0963,58.5831,success
Image_68.jpg,0,.jpg,55.01,714,720,RGB,3,False,False,140.9007,109.0408,success
Image_40.JPG,0,.jpg,345.78,1200,1600,RGB,3,False,False,99.3271,64.2431,success
Image_73.jpg,0,.jpg,33.83,738,492,RGB,3,False,False,156.8901,37.5006,success
Image_211.jpg,0,.jpg,60.49,600,600,RGB,3,False,False,123.3472,51.2374,success
Image_69.jpg,0,.jpg,100.13,640,480,RGB,3,False,False,152.9674,79.517,success
Image_86 copy.jpg,0,.jpg,55.95,1280,720,RGB,3,False,False,218.1858,36.9699,success
Image_92 copy 2.jpg,0,.jpg,71.24,350,478,RGB,3,False,False,181.4514,73.0779,success
Image_85.png,0,.png,1078.83,800,1000,RGBA,4,False,True,63.6599,53.8502,success
Image_89.jpg,0,.jpg,42.81,512,512,RGB,3,False,False,180.3571,60.4106,success
Image_84.jpg,0,.jpg,51.98,640,454,RGB,3,False,False,64.4409,58.7063,success
Image_116.jpg,0,.jpg,291.25,791,600,RGB,3,False,False,121.2218,63.1945,success
Image_27 copy.jpg,0,.jpg,55.0,540,720,RGB,3,False,False,92.0681,63.9387,success
Image_95.jpg,0,.jpg,92.03,750,1178,RGB,3,False,False,90.231,70.1943,success
Image_132.jpg,0,.jpg,45.11,620,475,RGB,3,False,False,100.4049,57.5297,success
Image_95 copy.jpg,0,.jpg,67.54,500,750,RGB,3,False,False,126.7178,71.5638,success
Image_106.jpg,0,.jpg,374.52,2015,1511,RGB,3,False,False,118.8099,32.2415,success
Image_61.jpg,0,.jpg,181.47,1280,960,RGB,3,False,False,108.2521,44.1277,success
Image_117 copy 2.jpg,0,.jpg,65.34,640,480,RGB,3,False,False,118.2175,70.14,success
Image_100 copy 2.jpg,0,.jpg,96.0,605,818,RGB,3,False,False,151.8093,67.6757,success
Image_94.jpg,0,.jpg,68.53,579,451,RGB,3,False,False,116.0726,66.7039,success
Image_110 copy.jpg,0,.jpg,58.66,474,576,RGB,3,False,False,124.8884,64.7603,success
Image_49.png,0,.png,573.92,1200,630,RGBA,4,False,True,84.7639,42.563,success
Image_89 copy 2.jpg,0,.jpg,106.96,634,951,RGB,3,False,False,135.433,59.0436,success
Image_65.jpg,0,.jpg,310.59,1417,945,RGB,3,False,False,109.3465,29.4254,success
Image_58.jpg,0,.jpg,22.09,383,550,RGB,3,False,False,40.7049,64.5574,success
Image_45 copy 2.jpg,0,.jpg,103.95,600,680,RGB,3,False,False,58.3894,44.8494,success
Image_29 copy.jpg,0,.jpg,55.57,500,726,RGB,3,False,False,159.8199,47.6782,success
Image_70.png,0,.png,354.54,1111,359,RGB,3,False,False,212.3952,66.8332,success
Image_103 copy.jpg,0,.jpg,77.82,429,640,RGB,3,False,False,111.6939,76.5401,success
Image_142.png,1,.png,105.07,256,256,RGB,3,True,False,170.4332,59.52,success
Image_133 copy 2.png,1,.png,123.61,256,256,RGB,3,True,False,131.528,84.3572,success
Image_191.png,1,.png,53.71,256,256,RGB,3,True,False,220.0107,49.5251,success
Image_207.png,1,.png,109.15,256,256,RGB,3,True,False,106.5906,54.1431,success
Image_6 copy.png,1,.png,103.55,256,256,RGB,3,True,False,184.7225,30.4703,success
Image_56 copy.png,1,.png,115.12,256,256,RGB,3,True,False,90.556,51.7328,success
Image_73 copy.png,1,.png,83.12,256,256,RGB,3,True,False,189.5688,54.4686,success
Image_11.png,1,.png,101.17,256,256,RGB,3,True,False,135.6925,77.3169,success
Image_145.png,1,.png,88.57,256,256,RGB,3,True,False,186.2838,57.0825,success
Image_72.png,1,.png,100.11,256,256,RGB,3,True,False,157.6157,70.4004,success
Image_25 copy.png,1,.png,124.09,256,256,RGB,3,True,False,156.5879,53.2313,success
Image_106.png,1,.png,130.86,256,256,RGB,3,True,False,118.8053,31.0547,success
Image_125 copy.png,1,.png,117.12,256,256,RGB,3,True,False,126.4813,50.0872,success
Image_193 copy.png,1,.png,136.14,256,256,RGB,3,True,False,106.8076,66.3311,success
Image_152 copy.png,1,.png,108.62,256,256,RGB,3,True,False,143.9351,54.1869,success
Image_141.png,1,.png,131.78,256,256,RGB,3,True,False,117.6568,69.4949,success
Image_170.png,1,.png,97.9,256,256,RGB,3,True,False,161.2113,63.5926,success
Image_4.png,1,.png,115.96,256,256,RGB,3,True,False,184.9471,50.8811,success
Image_213.png,1,.png,148.29,256,256,RGB,3,True,False,118.2694,61.2268,success
Image_81 copy.png,1,.png,97.21,256,256,RGB,3,True,False,195.0084,44.6854,success
Image_15.png,1,.png,96.52,256,256,RGB,3,True,False,155.9418,66.1334,success
Image_95 copy 2.png,1,.png,107.58,256,256,RGB,3,True,False,83.224,47.4515,success
Image_116 copy 2.png,1,.png,29.49,256,256,RGB,3,True,False,233.3828,54.0999,success
Image_157.png,1,.png,97.42,256,256,RGB,3,True,False,85.0634,52.6808,success
Image_6.png,1,.png,109.61,256,256,RGB,3,True,False,167.0302,51.2308,success
Image_126 copy.png,1,.png,100.84,256,256,RGB,3,True,False,99.0641,42.1971,success
Image_163.png,1,.png,99.56,256,256,RGB,3,True,False,181.6758,48.1477,success
Image_37.png,1,.png,109.13,256,256,RGB,3,True,False,106.5907,54.1431,success
Image_72 copy 2.png,1,.png,98.85,256,256,RGB,3,True,False,162.1362,42.9043,success
Image_10 copy.png,1,.png,102.21,256,256,RGB,3,True,False,73.128,49.5878,success
Image_212.png,1,.png,128.35,256,256,RGB,3,True,False,95.2964,67.0846,success
Image_196 copy.png,1,.png,137.04,256,256,RGB,3,True,False,103.6181,74.8134,success
Image_178 copy.png,1,.png,109.01,256,256,RGB,3,True,False,75.3065,69.0097,success
Image_172.png,1,.png,105.05,256,256,RGB,3,True,False,170.433,59.5203,success
Image_203.png,1,.png,100.2,256,256,RGB,3,True,False,141.9439,62.4427,success
Image_92.png,1,.png,115.36,256,256,RGB,3,True,False,118.2838,46.7307,success
Image_190.png,1,.png,116.87,256,256,RGB,3,True,False,107.2939,51.4648,success
Image_217.png,1,.png,90.21,256,256,RGB,3,True,False,201.9057,41.1842,success
Image_162 copy.png,1,.png,71.19,256,256,RGB,3,True,False,147.552,60.0804,success
Image_57.png,1,.png,62.74,256,256,RGB,3,True,False,189.7458,60.3463,success
Image_108 copy 2.png,1,.png,125.02,256,256,RGB,3,True,False,114.4113,52.7193,success
Image_58.png,1,.png,64.83,256,256,RGB,3,True,False,40.6892,63.8426,success
Image_4 copy 2.png,1,.png,85.98,256,256,RGB,3,True,False,46.8953,59.3345,success
Image_189.png,1,.png,82.25,256,256,RGB,3,True,False,176.7706,51.4937,success
Image_93 copy.png,1,.png,107.4,256,256,RGB,3,True,False,102.7052,62.7363,success
Image_64.png,1,.png,118.43,256,256,RGB,3,True,False,148.7343,63.9191,success
Image_179.png,1,.png,89.29,256,256,RGB,3,True,False,170.2847,66.6207,success
Image_149 copy.png,1,.png,71.96,256,256,RGB,3,True,False,127.1234,61.7175,success
Image_56.png,1,.png,99.18,256,256,RGB,3,True,False,103.9801,70.3979,success
Image_135.png,1,.png,104.28,256,256,RGB,3,True,False,167.1254,63.5976,success
Image_103 copy.png,1,.png,105.81,256,256,RGB,3,True,False,111.6998,76.0893,success
Image_74 copy 2.png,1,.png,37.83,256,256,RGB,3,True,False,232.4202,52.0254,success
Image_89 copy.png,1,.png,121.23,256,256,RGB,3,True,False,76.0253,69.181,success
Image_85 copy.png,1,.png,46.22,256,256,RGB,3,True,False,220.6565,53.1815,success
Image_77 copy 2.png,1,.png,117.73,256,256,RGB,3,True,False,125.8957,67.0369,success
Image_73.png,1,.png,55.26,256,256,RGB,3,True,False,156.8731,36.2063,success
Image_63 copy.png,1,.png,143.64,256,256,RGB,3,True,False,112.9864,56.7841,success
Image_31 copy.png,1,.png,108.55,256,256,RGB,3,True,False,115.7311,50.8891,success
Image_36 copy.png,1,.png,107.82,256,256,RGB,3,True,False,131.7207,41.4077,success
Image_180 copy.png,1,.png,108.58,256,256,RGB,3,True,False,73.6531,40.0047,success
Image_5 copy 2.png,1,.png,108.58,256,256,RGB,3,True,False,73.6528,40.0048,success
Image_46 copy 2.png,1,.png,133.33,256,256,RGB,3,True,False,95.6717,61.4736,success
Image_202.png,1,.png,85.6,256,256,RGB,3,True,False,161.2573,44.4732,success
Image_17 copy.png,1,.png,114.19,256,256,RGB,3,True,False,149.7151,62.4982,success
Image_119 copy.png,1,.png,105.85,256,256,RGB,3,True,False,166.6709,52.8649,success
Image_2 copy 2.png,1,.png,124.08,256,256,RGB,3,True,False,92.5124,40.9015,success
Image_116.png,1,.png,140.14,256,256,RGB,3,True,False,121.232,62.0231,success
Image_208.png,1,.png,81.73,256,256,RGB,3,True,False,122.7037,54.9453,success
Image_69.png,1,.png,148.68,256,256,RGB,3,True,False,152.9374,78.6509,success
Image_68 copy 2.png,1,.png,108.45,256,256,RGB,3,True,False,98.4319,71.0848,success
Image_199.png,1,.png,79.69,256,256,RGB,3,True,False,139.5201,55.7127,success
Image_185.png,1,.png,135.04,256,256,RGB,3,True,False,100.7233,54.722,success
Image_177 copy.png,1,.png,120.15,256,256,RGB,3,True,False,136.233,80.7317,success
Image_66 copy 2.png,1,.png,70.53,256,256,RGB,3,True,False,152.3553,109.8979,success
Image_5.png,1,.png,88.58,256,256,RGB,3,True,False,186.2836,57.0824,success
Image_181 copy.png,1,.png,67.5,256,256,RGB,3,True,False,63.9002,71.5422,success
Image_172 copy.png,1,.png,109.62,256,256,RGB,3,True,False,136.531,56.8593,success
Image_140.png,1,.png,92.66,256,256,RGB,3,True,False,162.9263,76.9193,success
Image_140 copy 2.png,1,.png,105.49,256,256,RGB,3,True,False,138.2498,70.6909,success
Image_90.png,1,.png,38.72,256,256,RGB,3,True,False,191.6424,67.9887,success
Image_176.png,1,.png,126.18,256,256,RGB,3,True,False,160.8067,81.137,success
Image_119 copy 2.png,1,.png,125.18,256,256,RGB,3,True,False,141.8638,72.2327,success
Image_79.png,1,.png,99.6,256,256,RGB,3,True,False,147.0479,80.4877,success
Image_166 copy.png,1,.png,97.42,256,256,RGB,3,True,False,85.0636,52.6805,success
Image_74 copy.png,1,.png,128.79,256,256,RGB,3,True,False,107.3161,64.0664,success
Image_209.png,1,.png,119.48,256,256,RGB,3,True,False,125.1606,73.4284,success
Image_161 copy.png,1,.png,97.75,256,256,RGB,3,True,False,107.6368,72.0378,success
Image_125.png,1,.png,102.71,256,256,RGB,3,True,False,84.033,63.1752,success
Image_20 copy.png,1,.png,95.02,256,256,RGB,3,True,False,102.16,71.7017,success
Image_43 copy.png,1,.png,100.09,256,256,RGB,3,True,False,161.6239,57.2573,success
Image_36.png,1,.png,117.09,256,256,RGB,3,True,False,157.7437,54.2869,success
Image_165 copy.png,1,.png,123.32,256,256,RGB,3,True,False,113.0748,43.9058,success
Image_128.png,1,.png,81.62,256,256,RGB,3,True,False,182.5673,46.7253,success
Image_105 copy.png,1,.png,117.71,256,256,RGB,3,True,False,75.4933,69.8072,success
Image_175 copy.png,1,.png,55.93,256,256,RGB,3,True,False,46.4882,63.523,success
Image_121 copy 2.png,1,.png,83.29,256,256,RGB,3,True,False,180.5286,68.3536,success
Image_165.png,1,.png,117.2,256,256,RGB,3,True,False,149.5936,54.8128,success
Image_67 copy.png,1,.png,116.47,256,256,RGB,3,True,False,163.9816,55.085,success
Image_114.png,1,.png,48.02,256,256,RGB,3,True,False,227.4523,52.6839,success
Image_6 copy 2.png,1,.png,120.16,256,256,RGB,3,True,False,136.2329,80.7319,success
Image_193.png,1,.png,128.92,256,256,RGB,3,True,False,88.1889,56.3503,success
Image_35.png,1,.png,75.86,256,256,RGB,3,True,False,153.9786,68.0391,success
Image_29.png,1,.png,94.5,256,256,RGB,3,True,False,108.1856,66.1726,success
Image_105 copy 2.png,1,.png,95.53,256,256,RGB,3,True,False,176.9318,63.6578,success
Image_129 copy.png,1,.png,101.05,256,256,RGB,3,True,False,81.0102,60.2976,success
Image_218.png,1,.png,103.59,256,256,RGB,3,True,False,144.2334,49.5569,success
Image_90 copy 2.png,1,.png,72.09,256,256,RGB,3,True,False,179.3145,69.7939,success
Image_198.png,1,.png,77.45,256,256,RGB,3,True,False,192.28,55.1151,success
Image_27 copy.png,1,.png,113.67,256,256,RGB,3,True,False,92.0676,63.8325,success
Image_55.png,1,.png,101.28,256,256,RGB,3,True,False,129.5193,54.2519,success
Image_43.png,1,.png,128.36,256,256,RGB,3,True,False,95.2959,67.0848,success
Image_154.png,1,.png,72.89,256,256,RGB,3,True,False,144.15,73.1953,success
Image_12.png,1,.png,88.61,256,256,RGB,3,True,False,69.1549,76.483,success
Image_58 copy.png,1,.png,129.24,256,256,RGB,3,True,False,151.7265,69.971,success
Image_155 copy 2.png,1,.png,121.44,256,256,RGB,3,True,False,66.294,46.1912,success
Image_42 copy.png,1,.png,96.28,256,256,RGB,3,True,False,133.369,41.2949,success
Image_98.png,1,.png,103.98,256,256,RGB,3,True,False,83.6687,61.0419,success
Image_8 copy 2.png,1,.png,109.01,256,256,RGB,3,True,False,75.3065,69.0097,success
Image_167 copy.png,1,.png,96.16,256,256,RGB,3,True,False,103.5324,57.029,success
Image_13.png,1,.png,108.1,256,256,RGB,3,True,False,74.0639,60.4906,success
Image_66.png,1,.png,111.84,256,256,RGB,3,True,False,96.3948,87.4981,success
Image_117 copy.png,1,.png,115.79,256,256,RGB,3,True,False,97.1745,61.5171,success
Image_210.png,1,.png,84.56,256,256,RGB,3,True,False,66.5685,67.4863,success
Image_57 copy 2.png,1,.png,43.09,256,256,RGB,3,True,False,86.1564,51.5064,success
Image_60 copy.png,1,.png,112.68,256,256,RGB,3,True,False,170.5088,63.3838,success
Image_7 copy.png,1,.png,108.62,256,256,RGB,3,True,False,143.9348,54.1866,success
Image_127.png,1,.png,73.49,256,256,RGB,3,True,False,150.4433,100.9474,success
Image_63 copy 2.png,1,.png,115.84,256,256,RGB,3,True,False,106.1904,61.1809,success
Image_152 copy 2.png,1,.png,88.76,256,256,RGB,3,True,False,73.6872,52.8339,success
Image_179 copy.png,1,.png,88.0,256,256,RGB,3,True,False,163.0643,79.5463,success
Image_39.png,1,.png,148.29,256,256,RGB,3,True,False,118.2689,61.2267,success
Image_109 copy.png,1,.png,122.35,256,256,RGB,3,True,False,141.1584,39.896,success
Image_115 copy 2.png,1,.png,88.18,256,256,RGB,3,True,False,166.2329,72.1568,success
Image_88 copy.png,1,.png,90.54,256,256,RGB,3,True,False,108.512,53.7442,success
Image_23 copy 2.png,1,.png,136.14,256,256,RGB,3,True,False,106.8075,66.3313,success
Image_182.png,1,.png,101.18,256,256,RGB,3,True,False,135.6922,77.3172,success
Image_23 copy.png,1,.png,122.05,256,256,RGB,3,True,False,121.1255,63.571,success
Image_190 copy.png,1,.png,111.94,256,256,RGB,3,True,False,126.8533,50.297,success
Image_122 copy.png,1,.png,75.96,256,256,RGB,3,True,False,149.0857,64.1973,success
Image_200 copy.png,1,.png,90.4,256,256,RGB,3,True,False,84.1115,58.1077,success
Image_122.png,1,.png,127.68,256,256,RGB,3,True,False,152.6591,75.2872,success
Image_144 copy 2.png,1,.png,85.98,256,256,RGB,3,True,False,46.8955,59.3346,success
Image_34 copy.png,1,.png,118.48,256,256,RGB,3,True,False,104.6611,47.3074,success
Image_39 copy 2.png,1,.png,116.99,256,256,RGB,3,True,False,113.7379,76.6973,success
Image_146.png,1,.png,109.6,256,256,RGB,3,True,False,167.03,51.2309,success
Image_5 copy.png,1,.png,126.49,256,256,RGB,3,True,False,106.224,61.7157,success
Image_11 copy 2.png,1,.png,98.19,256,256,RGB,3,True,False,133.504,71.4261,success
Image_137.png,1,.png,99.65,256,256,RGB,3,True,False,126.9603,81.7615,success
Image_54.png,1,.png,58.87,256,256,RGB,3,True,False,219.6433,52.9544,success
Image_82 copy.png,1,.png,112.03,256,256,RGB,3,True,False,125.79,61.0797,success
Image_44 copy 2.png,1,.png,102.76,256,256,RGB,3,True,False,186.082,48.4151,success
Image_66 copy.png,1,.png,132.67,256,256,RGB,3,True,False,123.9366,67.7568,success
Image_28.png,1,.png,135.11,256,256,RGB,3,True,False,106.635,46.63,success
Image_77.png,1,.png,62.88,256,256,RGB,3,True,False,53.9905,49.2466,success
Image_88 copy 2.png,1,.png,66.83,256,256,RGB,3,True,False,175.3503,72.5803,success
Image_67.png,1,.png,56.36,256,256,RGB,3,True,False,194.5718,64.8246,success
Image_96.png,1,.png,80.36,256,256,RGB,3,True,False,135.5912,70.408,success
Image_150.png,1,.png,106.56,256,256,RGB,3,True,False,170.3483,56.2947,success
Image_148 copy.png,1,.png,110.92,256,256,RGB,3,True,False,102.5358,54.5249,success
Image_78.png,1,.png,93.87,256,256,RGB,3,True,False,66.267,48.5156,success
Image_147 copy 2.png,1,.png,88.0,256,256,RGB,3,True,False,163.0644,79.5464,success
Image_59 copy.png,1,.png,102.72,256,256,RGB,3,True,False,89.9868,64.4431,success
Image_46.png,1,.png,125.17,256,256,RGB,3,True,False,162.0838,58.094,success
Image_215.png,1,.png,125.16,256,256,RGB,3,True,False,162.0839,58.0941,success
Image_38.png,1,.png,81.73,256,256,RGB,3,True,False,122.7036,54.9455,success
Image_124 copy 2.png,1,.png,42.76,256,256,RGB,3,True,False,150.9501,98.624,success
Image_113 copy.png,1,.png,106.31,256,256,RGB,3,True,False,57.1875,46.1317,success
Image_99.png,1,.png,84.87,256,256,RGB,3,True,False,140.0275,45.8036,success
Image_80.png,1,.png,32.79,256,256,RGB,3,True,False,14.7243,33.921,success
Image_200.png,1,.png,117.21,256,256,RGB,3,True,False,149.5933,54.8127,success
Image_97 copy.png,1,.png,101.81,256,256,RGB,3,True,False,136.2717,43.9373,success
Image_142 copy.png,1,.png,111.38,256,256,RGB,3,True,False,69.0023,50.7811,success
Image_9 copy.png,1,.png,111.23,256,256,RGB,3,True,False,148.1892,57.967,success
Image_117 copy 2.png,1,.png,132.01,256,256,RGB,3,True,False,118.2132,69.3183,success
Image_8 copy.png,1,.png,126.76,256,256,RGB,3,True,False,150.4692,61.496,success
Image_9.png,1,.png,126.17,256,256,RGB,3,True,False,160.8069,81.1371,success
Image_34 copy 2.png,1,.png,109.62,256,256,RGB,3,True,False,136.5314,56.8594,success
Image_87.png,1,.png,120.76,256,256,RGB,3,True,False,111.64,64.2896,success
Image_143.png,1,.png,119.17,256,256,RGB,3,True,False,126.582,65.1199,success
Image_62 copy.png,1,.png,115.14,256,256,RGB,3,True,False,143.4942,83.0639,success
Image_195 copy.png,1,.png,97.74,256,256,RGB,3,True,False,107.637,72.0377,success
Image_154 copy 2.png,1,.png,109.79,256,256,RGB,3,True,False,110.3051,73.0936,success
Image_12 copy 2.png,1,.png,111.92,256,256,RGB,3,True,False,126.8531,50.2968,success
Image_134 copy.png,1,.png,90.46,256,256,RGB,3,True,False,67.4538,67.9473,success
Image_144 copy.png,1,.png,79.66,256,256,RGB,3,True,False,208.2927,36.991,success
Image_101.png,1,.png,119.29,256,256,RGB,3,True,False,102.5034,59.717,success
Image_104 copy 2.png,1,.png,147.86,256,256,RGB,3,True,False,131.2392,65.0127,success
Image_194 copy.png,1,.png,123.33,256,256,RGB,3,True,False,113.0744,43.9059,success
Image_72 copy.png,1,.png,98.83,256,256,RGB,3,True,False,69.9213,75.8135,success
Image_120.png,1,.png,160.72,256,256,RGB,3,True,False,114.7419,54.0333,success
Image_219.png,1,.png,74.91,256,256,RGB,3,True,False,72.8919,46.9034,success
Image_32 copy 2.png,1,.png,85.36,256,256,RGB,3,True,False,200.5737,66.7937,success
Image_129.png,1,.png,128.64,256,256,RGB,3,True,False,153.4506,35.5862,success
Image_169 copy.png,1,.png,129.24,256,256,RGB,3,True,False,110.704,58.352,success
Image_53.png,1,.png,107.07,256,256,RGB,3,True,False,135.7942,72.0158,success
Image_2 copy.png,1,.png,102.74,256,256,RGB,3,True,False,76.763,64.0804,success
Image_26.png,1,.png,113.2,256,256,RGB,3,True,False,90.3549,63.2891,success
Image_214.png,1,.png,156.75,256,256,RGB,3,True,False,143.9998,48.9771,success
Image_41 copy.png,1,.png,113.48,256,256,RGB,3,True,False,108.8126,58.8141,success
Image_94.png,1,.png,107.7,256,256,RGB,3,True,False,116.0681,66.6298,success
Image_59.png,1,.png,116.97,256,256,RGB,3,True,False,127.6479,57.234,success
Image_15 copy.png,1,.png,124.72,256,256,RGB,3,True,False,140.4777,50.6986,success
Image_78 copy 2.png,1,.png,92.65,256,256,RGB,3,True,False,162.9263,76.9196,success
Image_45 copy 2.png,1,.png,90.93,256,256,RGB,3,True,False,58.353,42.5952,success
Image_125 copy 2.png,1,.png,97.81,256,256,RGB,3,True,False,105.0441,57.1026,success
Image_123.png,1,.png,91.94,256,256,RGB,3,True,False,144.1188,72.9334,success
Image_132.png,1,.png,100.18,256,256,RGB,3,True,False,100.4343,56.9608,success
Image_156 copy.png,1,.png,93.08,256,256,RGB,3,True,False,133.8189,42.9792,success
Image_86.png,1,.png,96.21,256,256,RGB,3,True,False,111.1385,59.8276,success
Image_141 copy 2.png,1,.png,91.49,256,256,RGB,3,True,False,106.6754,45.7174,success
Image_199 copy.png,1,.png,129.23,256,256,RGB,3,True,False,110.7041,58.352,success
Image_54 copy.png,1,.png,101.61,256,256,RGB,3,True,False,171.1941,67.1776,success
Image_138 copy 2.png,1,.png,121.34,256,256,RGB,3,True,False,111.6664,79.9277,success
Image_110 copy.png,1,.png,130.84,256,256,RGB,3,True,False,124.8884,64.041,success
Image_111 copy 2.png,1,.png,32.06,256,256,RGB,3,True,False,150.8683,14.5393,success
Image_166.png,1,.png,113.21,256,256,RGB,3,True,False,90.3551,63.289,success
Image_7.png,1,.png,72.55,256,256,RGB,3,True,False,180.1058,43.7199,success
Image_117.png,1,.png,124.44,256,256,RGB,3,True,False,105.5889,91.913,success
Image_155 copy.png,1,.png,108.56,256,256,RGB,3,True,False,115.731,50.8889,success
Image_30.png,1,.png,98.1,256,256,RGB,3,True,False,161.235,63.5794,success
Image_160 copy.png,1,.png,107.99,256,256,RGB,3,True,False,130.8495,57.5718,success
Image_171.png,1,.png,100.22,256,256,RGB,3,True,False,141.9439,62.4426,success
Image_32 copy.png,1,.png,84.15,256,256,RGB,3,True,False,155.4665,59.1788,success
Image_183 copy.png,1,.png,88.75,256,256,RGB,3,True,False,73.6871,52.8338,success
Image_134 copy 2.png,1,.png,130.44,256,256,RGB,3,True,False,137.0697,59.9141,success
Image_112.png,1,.png,136.19,256,256,RGB,3,True,False,65.9427,39.0043,success
Image_186.png,1,.png,96.54,256,256,RGB,3,True,False,155.9421,66.1337,success
Image_34.png,1,.png,85.63,256,256,RGB,3,True,False,161.2574,44.4728,success
Image_109.png,1,.png,141.93,256,256,RGB,3,True,False,124.0898,59.2025,success
Image_27 copy 2.png,1,.png,129.23,256,256,RGB,3,True,False,110.7042,58.3518,success
Image_84 copy.png,1,.png,93.92,256,256,RGB,3,True,False,164.3858,62.0717,success
Image_107.png,1,.png,57.69,256,256,RGB,3,True,False,58.5766,66.2703,success
Image_115.png,1,.png,83.26,256,256,RGB,3,True,False,118.7071,61.0516,success
Image_139 copy 2.png,1,.png,91.01,256,256,RGB,3,True,False,165.1502,98.5015,success
Image_33.png,1,.png,120.24,256,256,RGB,3,True,False,111.7614,44.4939,success
Image_94 copy 2.png,1,.png,130.28,256,256,RGB,3,True,False,89.6555,49.1799,success
Image_206.png,1,.png,117.09,256,256,RGB,3,True,False,157.7437,54.2872,success
Image_173.png,1,.png,119.16,256,256,RGB,3,True,False,126.582,65.1201,success
Image_89 copy 2.png,1,.png,112.09,256,256,RGB,3,True,False,135.4325,57.6834,success
Image_50 copy.png,1,.png,120.41,256,256,RGB,3,True,False,89.6852,62.4859,success
Image_52 copy 2.png,1,.png,93.97,256,256,RGB,3,True,False,128.8743,47.8279,success
Image_158.png,1,.png,85.03,256,256,RGB,3,True,False,113.7503,77.5814,success
Image_164.png,1,.png,128.91,256,256,RGB,3,True,False,88.1887,56.3503,success
Image_83 copy.png,1,.png,117.34,256,256,RGB,3,True,False,93.7461,70.5647,success
Image_23.png,1,.png,99.58,256,256,RGB,3,True,False,181.6755,48.1474,success
Image_112 copy.png,1,.png,114.24,256,256,RGB,3,True,False,123.0474,59.9071,success
Image_65 copy 2.png,1,.png,132.24,256,256,RGB,3,True,False,145.3535,58.4526,success
Image_14.png,1,.png,72.87,256,256,RGB,3,True,False,144.15,73.1955,success
Image_31 copy 2.png,1,.png,96.17,256,256,RGB,3,True,False,103.5323,57.0289,success
Image_187 copy.png,1,.png,143.31,256,256,RGB,3,True,False,124.9962,42.8685,success
Image_10 copy 2.png,1,.png,93.81,256,256,RGB,3,True,False,98.4344,51.4508,success
Image_47 copy 2.png,1,.png,133.19,256,256,RGB,3,True,False,170.9105,79.6707,success
Image_123 copy.png,1,.png,96.72,256,256,RGB,3,True,False,57.2068,72.0818,success
Image_139 copy.png,1,.png,118.01,256,256,RGB,3,True,False,91.6314,76.6681,success
Image_65 copy.png,1,.png,110.12,256,256,RGB,3,True,False,171.9164,50.4997,success
Image_80 copy.png,1,.png,114.33,256,256,RGB,3,True,False,133.8461,73.68,success
Image_111.png,1,.png,74.85,256,256,RGB,3,True,False,207.496,28.9585,success
Image_105.png,1,.png,90.47,256,256,RGB,3,True,False,88.9052,49.3269,success
Image_17.png,1,.png,97.4,256,256,RGB,3,True,False,85.0636,52.6806,success
Image_216.png,1,.png,41.06,256,256,RGB,3,True,False,75.7399,94.0223,success
Image_22 copy 2.png,1,.png,87.99,256,256,RGB,3,True,False,163.0644,79.5464,success
Image_131.png,1,.png,148.45,256,256,RGB,3,True,False,128.4189,51.7641,success
Image_59 copy 2.png,1,.png,106.85,256,256,RGB,3,True,False,181.7443,49.5043,success
Image_40.png,1,.png,111.06,256,256,RGB,3,True,False,99.2616,62.7799,success
Image_178.png,1,.png,72.53,256,256,RGB,3,True,False,180.1058,43.72,success
Image_12 copy.png,1,.png,108.46,256,256,RGB,3,True,False,114.1661,64.4496,success
Image_52.png,1,.png,95.13,256,256,RGB,3,True,False,77.3044,76.475,success
Image_128 copy.png,1,.png,85.59,256,256,RGB,3,True,False,161.2572,44.4732,success
Image_168.png,1,.png,135.11,256,256,RGB,3,True,False,106.6353,46.63,success
Image_120 copy.png,1,.png,121.26,256,256,RGB,3,True,False,126.7146,54.4773,success
Image_118.png,1,.png,137.02,256,256,RGB,3,True,False,103.618,74.8135,success
Image_93.png,1,.png,97.3,256,256,RGB,3,True,False,95.761,59.0555,success
Image_146 copy.png,1,.png,91.77,256,256,RGB,3,True,False,144.8569,90.6572,success
Image_149.png,1,.png,126.18,256,256,RGB,3,True,False,160.8067,81.137,success
Image_126.png,1,.png,142.47,256,256,RGB,3,True,False,146.3322,46.3992,success
Image_151 copy.png,1,.png,89.14,256,256,RGB,3,True,False,110.8735,74.9034,success
Image_75 copy.png,1,.png,78.84,256,256,RGB,3,True,False,197.6541,57.1721,success
Image_160.png,1,.png,135.05,256,256,RGB,3,True,False,100.7231,54.7224,success
Image_62.png,1,.png,52.29,256,256,RGB,3,True,False,36.639,68.5073,success
Image_38 copy.png,1,.png,91.59,256,256,RGB,3,True,False,142.468,77.4178,success
Image_196.png,1,.png,112.1,256,256,RGB,3,True,False,121.6309,60.574,success
Image_14 copy.png,1,.png,84.08,256,256,RGB,3,True,False,88.2883,73.6908,success
Image_145 copy 2.png,1,.png,93.8,256,256,RGB,3,True,False,98.4345,51.4508,success
Image_99 copy.png,1,.png,130.38,256,256,RGB,3,True,False,95.4785,64.1854,success
Image_104.png,1,.png,81.5,256,256,RGB,3,True,False,160.3141,76.5606,success
Image_195.png,1,.png,94.51,256,256,RGB,3,True,False,108.1856,66.1725,success
Image_77 copy.png,1,.png,83.29,256,256,RGB,3,True,False,181.5505,32.7936,success
Image_133.png,1,.png,107.0,256,256,RGB,3,True,False,151.4384,84.7768,success
Image_30 copy.png,1,.png,127.42,256,256,RGB,3,True,False,96.0419,59.761,success
Image_132 copy.png,1,.png,111.75,256,256,RGB,3,True,False,135.2885,61.2195,success
Image_141 copy.png,1,.png,95.81,256,256,RGB,3,True,False,183.5408,53.5856,success
Image_118 copy.png,1,.png,110.83,256,256,RGB,3,True,False,151.8461,60.6004,success
Image_26 copy.png,1,.png,115.89,256,256,RGB,3,True,False,125.544,61.2358,success
Image_204.png,1,.png,75.87,256,256,RGB,3,True,False,153.9788,68.0392,success
Image_25 copy 2.png,1,.png,97.42,256,256,RGB,3,True,False,85.0639,52.6804,success
Image_87 copy.png,1,.png,150.09,256,256,RGB,3,True,False,124.1374,70.2595,success
Image_32.png,1,.png,79.71,256,256,RGB,3,True,False,139.5199,55.7126,success
Image_121.png,1,.png,99.1,256,256,RGB,3,True,False,87.1053,68.9878,success
Image_51 copy.png,1,.png,87.31,256,256,RGB,3,True,False,78.554,57.7766,success
Image_28 copy.png,1,.png,98.65,256,256,RGB,3,True,False,138.8731,69.1801,success
Image_48.png,1,.png,103.57,256,256,RGB,3,True,False,144.2333,49.5569,success
Image_65.png,1,.png,122.52,256,256,RGB,3,True,False,109.3408,28.5904,success
Image_29 copy 2.png,1,.png,124.04,256,256,RGB,3,True,False,119.1661,66.1901,success
Image_102 copy.png,1,.png,88.66,256,256,RGB,3,True,False,192.7433,47.3617,success
Image_47 copy.png,1,.png,109.57,256,256,RGB,3,True,False,152.6042,75.5926,success
Image_124.png,1,.png,109.26,256,256,RGB,3,True,False,129.7677,66.1036,success
Image_90 copy.png,1,.png,88.56,256,256,RGB,3,True,False,190.2434,53.1882,success
Image_132 copy 2.png,1,.png,64.81,256,256,RGB,3,True,False,234.118,40.1599,success
Image_63.png,1,.png,102.33,256,256,RGB,3,True,False,126.9826,64.1695,success
Image_13 copy.png,1,.png,67.51,256,256,RGB,3,True,False,63.9001,71.5424,success
Image_185 copy.png,1,.png,121.45,256,256,RGB,3,True,False,66.2938,46.1912,success
Image_84.png,1,.png,112.59,256,256,RGB,3,True,False,64.4315,58.0422,success
Image_16.png,1,.png,112.22,256,256,RGB,3,True,False,84.8218,58.3028,success
Image_44.png,1,.png,84.56,256,256,RGB,3,True,False,66.5688,67.4861,success
Image_53 copy 2.png,1,.png,107.28,256,256,RGB,3,True,False,142.9289,60.4177,success
Image_92 copy 2.png,1,.png,95.89,256,256,RGB,3,True,False,181.4025,72.772,success
Image_86 copy.png,1,.png,84.96,256,256,RGB,3,True,False,218.1825,36.6611,success
Image_161.png,1,.png,53.69,256,256,RGB,3,True,False,220.0108,49.5251,success
Image_18 copy 2.png,1,.png,97.73,256,256,RGB,3,True,False,107.6371,72.0376,success
Image_28 copy 2.png,1,.png,83.02,256,256,RGB,3,True,False,183.062,82.2571,success
Image_182 copy.png,1,.png,98.22,256,256,RGB,3,True,False,133.5041,71.426,success
Image_95.png,1,.png,95.35,256,256,RGB,3,True,False,90.2317,70.0665,success
Image_68.png,1,.png,81.45,256,256,RGB,3,True,False,140.8085,108.6806,success
Image_30 copy 2.png,1,.png,137.02,256,256,RGB,3,True,False,103.6179,74.8137,success
Image_108 copy.png,1,.png,96.69,256,256,RGB,3,True,False,76.3201,66.2038,success
Image_135 copy.png,1,.png,92.42,256,256,RGB,3,True,False,108.9237,89.531,success
Image_138 copy.png,1,.png,108.24,256,256,RGB,3,True,False,155.2519,59.4006,success
Image_128 copy 2.png,1,.png,84.21,256,256,RGB,3,True,False,161.8804,83.5183,success
Image_3 copy.png,1,.png,120.44,256,256,RGB,3,True,False,101.2402,64.2115,success
Image_69 copy.png,1,.png,114.1,256,256,RGB,3,True,False,96.5429,54.7282,success
Image_171 copy.png,1,.png,124.04,256,256,RGB,3,True,False,119.1661,66.1897,success
Image_81.png,1,.png,128.34,256,256,RGB,3,True,False,129.1431,64.8509,success
Image_1 copy 2.png,1,.png,91.49,256,256,RGB,3,True,False,106.6754,45.7175,success
Image_61.png,1,.png,118.02,256,256,RGB,3,True,False,108.2494,42.9477,success
Image_138.png,1,.png,107.51,256,256,RGB,3,True,False,118.5759,69.0802,success
Image_74.png,1,.png,119.12,256,256,RGB,3,True,False,87.9698,46.0868,success
Image_70 copy.png,1,.png,74.94,256,256,RGB,3,True,False,200.1335,35.7739,success
Image_20 copy 2.png,1,.png,71.2,256,256,RGB,3,True,False,147.5519,60.0801,success
Image_205.png,1,.png,120.24,256,256,RGB,3,True,False,111.761,44.4942,success
Image_187.png,1,.png,88.63,256,256,RGB,3,True,False,69.1548,76.4831,success
Image_18.png,1,.png,82.26,256,256,RGB,3,True,False,176.7707,51.4937,success
Image_143 copy.png,1,.png,101.02,256,256,RGB,3,True,False,162.4743,46.6682,success
Image_149 copy 2.png,1,.png,120.15,256,256,RGB,3,True,False,136.2328,80.7319,success
Image_111 copy.png,1,.png,102.22,256,256,RGB,3,True,False,142.2318,77.2486,success
Image_198 copy.png,1,.png,83.0,256,256,RGB,3,True,False,183.062,82.2571,success
Image_62 copy 2.png,1,.png,99.15,256,256,RGB,3,True,False,59.9263,61.9104,success
Image_14 copy 2.png,1,.png,143.32,256,256,RGB,3,True,False,124.9959,42.8683,success
Image_79 copy.png,1,.png,66.03,256,256,RGB,3,True,False,148.1465,56.0115,success
Image_174 copy.png,1,.png,85.97,256,256,RGB,3,True,False,46.8952,59.3346,success
Image_184.png,1,.png,112.21,256,256,RGB,3,True,False,84.8219,58.3026,success
Image_211.png,1,.png,127.97,256,256,RGB,3,True,False,123.3412,50.9855,success
Image_89.png,1,.png,106.3,256,256,RGB,3,True,False,180.4078,59.1774,success
Image_1.png,1,.png,131.78,256,256,RGB,3,True,False,117.6571,69.4952,success
Image_9 copy 2.png,1,.png,88.76,256,256,RGB,3,True,False,73.687,52.8338,success
Image_76.png,1,.png,129.01,256,256,RGB,3,True,False,114.9671,45.9997,success
Image_169.png,1,.png,94.5,256,256,RGB,3,True,False,108.1857,66.1725,success
Image_25.png,1,.png,117.21,256,256,RGB,3,True,False,149.5938,54.8128,success
Image_101 copy.png,1,.png,82.13,256,256,RGB,3,True,False,188.4418,77.6369,success
Image_52 copy.png,1,.png,113.77,256,256,RGB,3,True,False,92.0058,62.7392,success
Image_121 copy.png,1,.png,108.49,256,256,RGB,3,True,False,106.6998,56.822,success
Image_124 copy.png,1,.png,107.06,256,256,RGB,3,True,False,135.794,72.0159,success
Image_147.png,1,.png,72.54,256,256,RGB,3,True,False,180.1058,43.7199,success
Image_158 copy.png,1,.png,102.75,256,256,RGB,3,True,False,76.7633,64.0805,success
Image_186 copy.png,1,.png,109.79,256,256,RGB,3,True,False,110.305,73.0937,success
Image_146 copy 2.png,1,.png,108.99,256,256,RGB,3,True,False,75.3063,69.0097,success
Image_114 copy.png,1,.png,122.85,256,256,RGB,3,True,False,124.2326,69.0008,success
Image_116 copy.png,1,.png,117.17,256,256,RGB,3,True,False,83.408,73.9427,success
Image_22.png,1,.png,112.11,256,256,RGB,3,True,False,121.6309,60.5739,success
Image_45.png,1,.png,41.06,256,256,RGB,3,True,False,75.7398,94.0224,success
Image_22 copy.png,1,.png,106.34,256,256,RGB,3,True,False,132.5817,81.1216,success
Image_57 copy.png,1,.png,122.49,256,256,RGB,3,True,False,95.1662,55.0449,success
Image_150 copy.png,1,.png,98.21,256,256,RGB,3,True,False,133.504,71.4262,success
Image_24 copy.png,1,.png,132.34,256,256,RGB,3,True,False,102.4694,50.7572,success
Image_42.png,1,.png,127.97,256,256,RGB,3,True,False,123.3413,50.9854,success
Image_192.png,1,.png,99.57,256,256,RGB,3,True,False,181.6758,48.1478,success
Image_44 copy.png,1,.png,127.08,256,256,RGB,3,True,False,118.3412,63.1052,success
Image_2.png,1,.png,105.05,256,256,RGB,3,True,False,170.4333,59.5198,success
Image_119.png,1,.png,107.63,256,256,RGB,3,True,False,114.5081,71.3514,success
Image_148.png,1,.png,89.29,256,256,RGB,3,True,False,170.2848,66.6205,success
Image_97.png,1,.png,99.63,256,256,RGB,3,True,False,91.0998,44.6806,success
Image_136.png,1,.png,67.34,256,256,RGB,3,True,False,163.7275,34.1634,success
Image_47.png,1,.png,90.21,256,256,RGB,3,True,False,201.9061,41.1847,success
Image_3.png,1,.png,119.16,256,256,RGB,3,True,False,126.582,65.1199,success
Image_113 copy 2.png,1,.png,126.55,256,256,RGB,3,True,False,78.9602,50.5297,success
Image_126 copy 2.png,1,.png,117.92,256,256,RGB,3,True,False,100.8932,70.218,success
Image_84 copy 2.png,1,.png,50.63,256,256,RGB,3,True,False,192.2758,74.7722,success
Image_103.png,1,.png,106.98,256,256,RGB,3,True,False,166.4642,51.94,success
Image_130.png,1,.png,102.39,256,256,RGB,3,True,False,124.9231,74.5886,success
Image_167.png,1,.png,77.44,256,256,RGB,3,True,False,192.2798,55.115,success
Image_31.png,1,.png,100.21,256,256,RGB,3,True,False,141.9442,62.443,success
Image_156.png,1,.png,120.46,256,256,RGB,3,True,False,106.435,55.5942,success
Image_3 copy 2.png,1,.png,121.44,256,256,RGB,3,True,False,66.2941,46.1911,success
Image_64 copy.png,1,.png,109.78,256,256,RGB,3,True,False,131.97,72.7426,success
Image_183.png,1,.png,120.48,256,256,RGB,3,True,False,106.435,55.5943,success
Image_51.png,1,.png,107.48,256,256,RGB,3,True,False,130.8659,65.4466,success
Image_109 copy 2.png,1,.png,70.4,256,256,RGB,3,True,False,170.735,74.4953,success
Image_91 copy.png,1,.png,121.27,256,256,RGB,3,True,False,82.0668,74.3985,success
Image_181.png,1,.png,72.87,256,256,RGB,3,True,False,144.15,73.1953,success
Image_201.png,1,.png,97.9,256,256,RGB,3,True,False,161.2113,63.5925,success
Image_151.png,1,.png,101.19,256,256,RGB,3,True,False,135.6926,77.3169,success
Image_159.png,1,.png,116.86,256,256,RGB,3,True,False,107.2941,51.4648,success
Image_173 copy.png,1,.png,124.08,256,256,RGB,3,True,False,92.5122,40.9012,success
Image_4 copy.png,1,.png,130.7,256,256,RGB,3,True,False,111.5197,46.4022,success
Image_147 copy.png,1,.png,102.25,256,256,RGB,3,True,False,111.9998,44.587,success
Image_17 copy 2.png,1,.png,107.98,256,256,RGB,3,True,False,130.8497,57.5721,success
Image_162.png,1,.png,112.11,256,256,RGB,3,True,False,121.6311,60.5741,success
Image_78 copy.png,1,.png,76.74,256,256,RGB,3,True,False,165.7131,48.6645,success
Image_115 copy.png,1,.png,115.45,256,256,RGB,3,True,False,129.6988,62.5653,success
Image_157 copy.png,1,.png,114.19,256,256,RGB,3,True,False,105.1823,59.15,success
Image_60.png,1,.png,123.65,256,256,RGB,3,True,False,127.2461,35.7047,success
Image_153.png,1,.png,108.1,256,256,RGB,3,True,False,74.0636,60.4902,success
Image_18 copy.png,1,.png,98.99,256,256,RGB,3,True,False,102.5698,74.047,success
Image_88.png,1,.png,109.26,256,256,RGB,3,True,False,129.8744,53.1529,success
Image_82.png,1,.png,114.29,256,256,RGB,3,True,False,113.9869,32.9392,success
Image_156 copy 2.png,1,.png,143.32,256,256,RGB,3,True,False,124.9961,42.8685,success
Image_27.png,1,.png,77.44,256,256,RGB,3,True,False,192.2801,55.115,success
Image_41.png,1,.png,119.48,256,256,RGB,3,True,False,125.1606,73.4283,success
Image_1 copy.png,1,.png,89.16,256,256,RGB,3,True,False,110.8737,74.9033,success
Image_144.png,1,.png,115.96,256,256,RGB,3,True,False,184.9473,50.881,success
Image_68 copy.png,1,.png,86.18,256,256,RGB,3,True,False,155.7744,68.6187,success
Image_21 copy 2.png,1,.png,109.8,256,256,RGB,3,True,False,110.305,73.0935,success
Image_24 copy 2.png,1,.png,123.33,256,256,RGB,3,True,False,113.0745,43.9059,success
Image_107 copy 2.png,1,.png,38.07,256,256,RGB,3,True,False,71.2733,100.7203,success
Image_114 copy 2.png,1,.png,88.47,256,256,RGB,3,True,False,135.7794,69.7245,success
Image_11 copy.png,1,.png,126.28,256,256,RGB,3,True,False,108.5049,54.7859,success
Image_20.png,1,.png,135.05,256,256,RGB,3,True,False,100.7233,54.722,success
Image_19 copy.png,1,.png,96.17,256,256,RGB,3,True,False,127.4706,42.7949,success
Image_69 copy 2.png,1,.png,135.22,256,256,RGB,3,True,False,170.593,60.6769,success
Image_163 copy.png,1,.png,136.14,256,256,RGB,3,True,False,106.8073,66.3314,success
Image_143 copy 2.png,1,.png,55.98,256,256,RGB,3,True,False,46.4884,63.5228,success
Image_19.png,1,.png,116.86,256,256,RGB,3,True,False,107.294,51.4649,success
Image_100.png,1,.png,143.37,256,256,RGB,3,True,False,156.2797,43.776,success
Image_95 copy.png,1,.png,107.17,256,256,RGB,3,True,False,126.707,71.1941,success
Image_175.png,1,.png,115.96,256,256,RGB,3,True,False,184.9474,50.8811,success
Image_83 copy 2.png,1,.png,79.77,256,256,RGB,3,True,False,173.5809,42.6435,success
Image_87 copy 2.png,1,.png,46.05,256,256,RGB,3,True,False,230.9173,39.6521,success
Image_98 copy.png,1,.png,73.07,256,256,RGB,3,True,False,229.1017,49.207,success
Image_41 copy 2.png,1,.png,88.09,256,256,RGB,3,True,False,163.9274,63.215,success
Image_16 copy.png,1,.png,125.18,256,256,RGB,3,True,False,150.3575,44.6561,success
Image_176 copy.png,1,.png,93.8,256,256,RGB,3,True,False,98.4342,51.4509,success
Image_168 copy.png,1,.png,90.42,256,256,RGB,3,True,False,84.1115,58.108,success
Image_33 copy 2.png,1,.png,108.19,256,256,RGB,3,True,False,154.6105,90.2452,success
Image_96 copy.png,1,.png,115.24,256,256,RGB,3,True,False,120.3314,61.6194,success
Image_188.png,1,.png,97.42,256,256,RGB,3,True,False,85.0637,52.6805,success
Image_10.png,1,.png,106.56,256,256,RGB,3,True,False,170.3484,56.2949,success
Image_92 copy.png,1,.png,120.73,256,256,RGB,3,True,False,66.9296,51.4662,success
Image_197.png,1,.png,135.12,256,256,RGB,3,True,False,106.6351,46.6299,success
Image_61 copy.png,1,.png,137.87,256,256,RGB,3,True,False,101.6638,68.7249,success
Image_7 copy 2.png,1,.png,55.96,256,256,RGB,3,True,False,46.4884,63.5228,success
Image_83.png,1,.png,102.42,256,256,RGB,3,True,False,77.0901,69.4055,success
Image_107 copy.png,1,.png,107.72,256,256,RGB,3,True,False,138.6219,53.8288,success
Image_24.png,1,.png,128.91,256,256,RGB,3,True,False,88.1886,56.3502,success
Image_170 copy.png,1,.png,137.01,256,256,RGB,3,True,False,103.6179,74.8137,success
Image_197 copy.png,1,.png,97.43,256,256,RGB,3,True,False,85.0636,52.6807,success
Image_157 copy 2.png,1,.png,111.92,256,256,RGB,3,True,False,126.853,50.2967,success
Image_71.png,1,.png,108.21,256,256,RGB,3,True,False,123.0679,76.4863,success
Image_130 copy.png,1,.png,100.47,256,256,RGB,3,True,False,85.6265,67.6787,success
Image_188 copy.png,1,.png,107.97,256,256,RGB,3,True,False,130.8497,57.5721,success
Image_145 copy.png,1,.png,71.61,256,256,RGB,3,True,False,208.1423,42.3328,success
Image_96 copy 2.png,1,.png,48.29,256,256,RGB,3,True,False,214.35,68.3288,success
Image_50 copy 2.png,1,.png,128.57,256,256,RGB,3,True,False,70.6661,55.1654,success
Image_140 copy.png,1,.png,120.45,256,256,RGB,3,True,False,140.9482,65.3457,success
Image_100 copy.png,1,.png,74.23,256,256,RGB,3,True,False,85.3475,38.4356,success
Image_180.png,1,.png,106.57,256,256,RGB,3,True,False,170.3482,56.2947,success
Image_152.png,1,.png,88.62,256,256,RGB,3,True,False,69.1548,76.4831,success
Image_110.png,1,.png,122.52,256,256,RGB,3,True,False,109.0911,56.9519,success
Image_46 copy.png,1,.png,82.89,256,256,RGB,3,True,False,142.9352,75.3462,success
Image_45 copy.png,1,.png,69.39,256,256,RGB,3,True,False,134.1511,43.5487,success
Image_192 copy.png,1,.png,71.19,256,256,RGB,3,True,False,147.552,60.0801,success
Image_94 copy.png,1,.png,100.84,256,256,RGB,3,True,False,64.9708,32.4641,success
Image_50.png,1,.png,103.43,256,256,RGB,3,True,False,133.282,58.8537,success
Image_21.png,1,.png,53.71,256,256,RGB,3,True,False,220.0104,49.5249,success
Image_33 copy.png,1,.png,93.08,256,256,RGB,3,True,False,133.8188,42.979,success
Image_154 copy.png,1,.png,94.99,256,256,RGB,3,True,False,102.1601,71.7016,success
Image_102 copy 2.png,1,.png,79.2,256,256,RGB,3,True,False,156.3718,80.2609,success
Image_73 copy 2.png,1,.png,63.63,256,256,RGB,3,True,False,111.3325,79.4154,success
Image_75.png,1,.png,86.69,256,256,RGB,3,True,False,128.236,39.2546,success
Image_153 copy.png,1,.png,96.14,256,256,RGB,3,True,False,127.4707,42.795,success
Image_8.png,1,.png,89.29,256,256,RGB,3,True,False,170.2847,66.6206,success
Image_139.png,1,.png,99.98,256,256,RGB,3,True,False,148.5584,64.1732,success
Image_148 copy 2.png,1,.png,108.58,256,256,RGB,3,True,False,73.6531,40.0049,success
Image_35 copy 2.png,1,.png,82.31,256,256,RGB,3,True,False,191.7444,69.2998,success
Image_102.png,1,.png,25.8,256,256,RGB,3,True,False,232.9053,58.0953,success
Image_151 copy 2.png,1,.png,67.5,256,256,RGB,3,True,False,63.9001,71.5422,success
Image_113.png,1,.png,62.19,256,256,RGB,3,True,False,214.7269,51.5336,success
Image_137 copy 2.png,1,.png,92.56,256,256,RGB,3,True,False,110.1049,43.3671,success
Image_142 copy 2.png,1,.png,124.09,256,256,RGB,3,True,False,92.5123,40.9011,success
Image_85.png,1,.png,116.53,256,256,RGB,3,True,False,63.6668,52.9298,success
Image_39 copy.png,1,.png,87.85,256,256,RGB,3,True,False,120.8702,82.3718,success
Image_82 copy 2.png,1,.png,84.75,256,256,RGB,3,True,False,123.8715,67.708,success
Image_174.png,1,.png,88.58,256,256,RGB,3,True,False,186.2836,57.0824,success
Image_54 copy 2.png,1,.png,119.56,256,256,RGB,3,True,False,116.9397,67.4127,success
Image_130 copy 2.png,1,.png,97.62,256,256,RGB,3,True,False,73.5229,62.0711,success
Image_29 copy.png,1,.png,120.57,256,256,RGB,3,True,False,159.817,47.4824,success
Image_35 copy.png,1,.png,114.18,256,256,RGB,3,True,False,105.1823,59.1499,success
Image_26 copy 2.png,1,.png,90.44,256,256,RGB,3,True,False,84.1117,58.1081,success
Image_134.png,1,.png,98.72,256,256,RGB,3,True,False,140.0648,79.6908,success
Image_21 copy.png,1,.png,123.48,256,256,RGB,3,True,False,94.3622,65.2093,success
Image_137 copy.png,1,.png,76.84,256,256,RGB,3,True,False,193.8026,46.3208,success
Image_76 copy.png,1,.png,133.96,256,256,RGB,3,True,False,102.555,57.684,success
Image_133 copy.png,1,.png,121.5,256,256,RGB,3,True,False,146.3914,64.1193,success
Image_108.png,1,.png,115.3,256,256,RGB,3,True,False,73.7934,48.686,success
Image_49.png,1,.png,83.51,256,256,RGB,3,True,False,84.7516,42.4376,success
Image_194.png,1,.png,113.22,256,256,RGB,3,True,False,90.3547,63.2893,success
Image_164 copy.png,1,.png,83.02,256,256,RGB,3,True,False,183.0621,82.2571,success
Image_91.png,1,.png,151.2,256,256,RGB,3,True,False,141.1097,58.2601,success
Image_53 copy.png,1,.png,94.51,256,256,RGB,3,True,False,108.1853,66.1727,success
Image_100 copy 2.png,1,.png,101.77,256,256,RGB,3,True,False,151.7936,67.1213,success
Image_104 copy.png,1,.png,105.47,256,256,RGB,3,True,False,114.612,59.2077,success
Image_48 copy.png,1,.png,84.61,256,256,RGB,3,True,False,83.186,66.8485,success
Image_177.png,1,.png,109.61,256,256,RGB,3,True,False,167.0301,51.2309,success
Image_70.png,1,.png,74.33,256,256,RGB,3,True,False,212.212,64.818,success
Image_155.png,1,.png,96.56,256,256,RGB,3,True,False,155.9417,66.1332,success
